이름,카테고리,별점,도로명주소,지번주소,전화번호,테마
커피 방듸,카페,4.62,제주 제주시 남광로 9 1층,이도이동 1081-10,0507-1357-3541,맛집
너와의첫여행 감성귤밭카페,카페,0.0,제주 제주시 애월읍 장소로 16 너와의첫여행 카페,장전리 1132-1,0507-1448-6891,맛집
아베베베이커리,베이커리,4.6,제주 제주시 동문로6길 4 동문시장 12번 게이트 옆,일도1동 1136-2,0507-1414-0750,맛집
원앤온리,카페,4.34,제주 서귀포시 안덕면 산방로 141,사계리 86,0507-1323-6186,맛집
런던베이글뮤지엄 제주점,베이커리,0.0,제주 제주시 구좌읍 동복로 85 제2동 1층,동복리 719-1,0507-1323-6186,맛집
랜디스도넛 제주애월점,도넛,4.39,제주 제주시 애월읍 애월로 27-1,애월리 2471,0507-1458-0610,맛집
노을리,"카페,디저트",4.63,제주 제주시 애월읍 애월해안로 654 가동 1층,구엄리 1219-5,0507-1491-5032,맛집
더클리프,"카페,디저트",4.28,제주 서귀포시 중문관광로 154-17,색달동 2950-17,0507-1312-8866,맛집
해지개,"카페,디저트",0.0,제주 제주시 애월읍 애월북서길 52 . 1~2층,애월리 2555,0507-1358-8586,맛집
우무,"카페,디저트",4.36,제주 제주시 한림읍 한림로 542-1,옹포리 324-3,0507-1327-0064,맛집
레이지펌프,"카페,디저트",0.0,제주 제주시 애월읍 애월북서길 32 lazypump,애월리 2578-1,0507-1325-8732,맛집
아줄레주,"카페,디저트",4.57,제주 서귀포시 성산읍 신풍하동로19번길 59,신풍리 627,0507-1411-4052,맛집
무로이,베이커리,4.51,제주 서귀포시 안덕면 동광본동로 21 무로이,동광리 962,0507-1412-0008,맛집
호텔샌드,"카페,디저트",4.39,제주 제주시 한림읍 한림로 339,협재리 2446-3,010-8879-8010,맛집
파리바게뜨 제주국제공항점,베이커리,4.44,"제주 제주시 공항로 2 (용담이동) (용담이동 , 제주국제공항 3층)","용담이동 2002 ( , 제주국제공항 3층)",0507-1343-0741,맛집
델문도,"카페,디저트",4.35,제주 제주시 조천읍 조함해안로 519-10,함덕리 1008-1,064-702-0007,맛집
점점,"카페,디저트",4.79,,제주 제주시 조천읍 신촌리 2384,0507-1360-0357,맛집
오드랑베이커리,베이커리,4.5,제주 제주시 조천읍 조함해안로 552-3,함덕리 270-1,064-784-5404,맛집
노티드 제주,카페,4.46,"제주 제주시 애월읍 애월로1길 24-9 1층, 2층",애월리 2527-3,010-4925-9377,맛집
몽그레 제주공항점,"카페,디저트",4.73,제주 제주시 도리로 84,이호일동 634-3,064-744-8224,맛집
서귀피안 베이커리,"카페,디저트",0.0,제주 서귀포시 성산읍 신양로122번길 17 2F,고성리 559-1,0507-1338-8378,맛집
포르뚜나,"카페,디저트",0.0,제주 제주시 한림읍 한림해안로 136 1층 카페 포르뚜나,한림리 1587,0507-1385-0927,맛집
제주에인감귤밭,카페,4.43,제주 서귀포시 호근서호로 20-14,호근동 693,0507-1320-3593,맛집
오른,"카페,디저트",0.0,제주 서귀포시 성산읍 해맞이해안로 2714 orrrn,오조리 394,0507-1401-1559,맛집
테라로사 서귀포점,카페,4.51,제주 서귀포시 칠십리로658번길 27-16,하효동 1306-1,1668-2764,맛집
몽그레 월정리점,"카페,디저트",0.0,"제주 제주시 구좌읍 해맞이해안로 400 1, 2층",월정리 670-3,010-6368-7676,맛집
카페진정성 종점,"카페,디저트",4.44,제주 제주시 서해안로 124,이호일동 322,0507-1369-7674,맛집
도렐 제주 본점,"카페,디저트",4.5,제주 서귀포시 성산읍 동류암로 20 플레이스 내 LOVE동,고성리 297-1,0507-1437-3011,맛집
목장카페 밭디,"카페,디저트",0.0,제주 서귀포시 표선면 번영로 2486,성읍리 2867,0507-1371-6019,맛집
쉼표,"카페,디저트",4.38,제주 제주시 한림읍 한림로 359,협재리 1732,064-796-7790,맛집
유동커피,"카페,디저트",4.49,제주 서귀포시 태평로 406-1,서귀동 581-4,064-733-6662,맛집
스타벅스 제주서해안로DT점,카페,4.51,제주 제주시 서해안로 624,용담삼동 1020-1,1522-3232,맛집
블루보틀 제주 카페,블루보틀,4.54,제주 제주시 구좌읍 번영로 2133-30,송당리 2656-6,1533-6906,맛집
앙뚜아네트,베이커리,4.31,제주 제주시 서해안로 671,용담삼동 503-5,0507-1359-2243,맛집
새빌,"카페,디저트",4.27,제주 제주시 애월읍 평화로 1529,봉성리 4554,064-794-0073,맛집
웨이뷰,베이커리,0.0,제주 제주시 한림읍 옹포7길 25-3,옹포리 419-3,0507-1312-8767,맛집
스타벅스 제주중문점,카페,4.43,제주 서귀포시 중문관광로110번길 32,색달동 2864-2,1522-3232,맛집
제주 하멜,베이커리,4.55,제주 제주시 노형2길 51-3,노형동 3814-1,0507-1311-1653,맛집
허니문하우스,"카페,디저트",4.46,제주 서귀포시 칠십리로 228-13,토평동 511,070-4277-9922,맛집
파리바게뜨 제주공항렌터카하우스점,베이커리,0.0,제주 제주시 공항로 2 (용담이동) 제주국제공항 렌터카하우스,용담2동 2002 제주국제공항 렌터카하우스,0507-1369-5373,맛집
바다바라 카페&베이커리,"카페,디저트",4.37,제주 서귀포시 중문관광로72번길 29-51,색달동 2822-12,0507-1335-8884,맛집
마틸다,차,4.45,제주 제주시 애월읍 고내1길 33,고내리 841,064-799-3629,맛집
블랑로쉐,"카페,디저트",0.0,제주 제주시 우도면 우도해안길 783 1층,연평리 721-2,0507-1398-9154,맛집
빽다방베이커리 제주사수점,테이크아웃커피,4.5,제주 제주시 서해안로 291-5,도두이동 1679,064-711-0228,맛집
마음에온,"카페,디저트",4.68,제주 제주시 칠성로길 29-1 1층 마음에온,일도일동 1301-4,010-6605-0953,맛집
제주카페 브라보비치 성산일출봉,"카페,디저트",0.0,제주 서귀포시 성산읍 해맞이해안로 2614 1층,시흥리 10,0507-1310-8448,맛집
보래드 베이커스,베이커리,4.68,제주 서귀포시 보목로64번길 178 1층 보래드 베이커스,,0507-1314-1450,맛집
마마롱,베이커리,4.55,제주 제주시 애월읍 평화로 2783 1층 마마롱,,064-747-1074,맛집
잔물결,"카페,디저트",4.48,제주 제주시 한림읍 금능길 58-1 1층,금능리 1351-1,0507-1342-5564,맛집
바이러닉 에스프레소 바 제주점,카페,0.0,제주 제주시 테우해안로 96 바이러닉 에스프레소바,내도동 453-13,0507-1377-5975,맛집
제주만주,베이커리,0.0,제주 제주시 애월읍 일주서로 6707 1층,신엄리 1251-1,0507-1346-0559,맛집
안도르,"카페,디저트",0.0,제주 제주시 구좌읍 비자림로 1647 1층,송당리 2142,0507-1468-5536,맛집
제주바솔트,"카페,디저트",4.53,제주 제주시 가령골3길 6 1층,,064-721-7625,맛집
위이,"카페,디저트",0.0,제주 서귀포시 안덕면 신화역사로682번길 12,동광리 5-34,010-9249-5881,맛집
해화탕,"카페,디저트",0.0,제주 제주시 한림읍 일주서로 5855 1층,귀덕리 1030-1,0507-1436-5150,맛집
언더라운지 제주함덕점,"카페,디저트",4.87,"제주 제주시 조천읍 함덕로 40 5층, 6층",함덕리 산14-13,0507-1481-3688,맛집
스타벅스 제주협재점,카페,4.47,제주 제주시 한림읍 한림로 337,협재리 2445-1,1522-3232,맛집
스타벅스 제주애월DT점,카페,4.45,제주 제주시 애월읍 애월해안로 376,고내리 340,1522-3232,맛집
카페오놀,"카페,디저트",0.0,제주 서귀포시 대포로 174 2층 카페 오놀,대포동 2367-1,0507-1353-4564,맛집
카페아오오,"카페,디저트",4.41,제주 서귀포시 성산읍 환해장성로 75,신산리 420,0507-1394-0078,맛집
제주기와,"카페,디저트",4.83,제주 제주시 애월읍 광령남4길 45-1,광령리 3178,0507-1362-7515,맛집
카페모알보알 제주점,"카페,디저트",4.39,제주 제주시 구좌읍 구좌해안로 141 카페 모알보알,김녕리 6159,0507-1312-3506,맛집
너븐,"카페,디저트",4.57,제주 서귀포시 칠십리로214번길 26 너븐,동홍동 281-1,0507-1427-2412,맛집
물,"카페,디저트",0.0,제주 제주시 삼무로11길 9 남해오네뜨 1층,연동 300-3,0507-1483-8294,맛집
홉히,"카페,디저트",0.0,제주 제주시 서해안로 468-2,용담삼동 2378,0507-1446-9399,맛집
성산 카페 브런치 어반정글 부얀트무드,"카페,디저트",4.52,제주 서귀포시 성산읍 신고로22번길 39 단독,고성리 208-8,0507-1321-5918,맛집
애월더선셋,카페,4.31,제주 제주시 애월읍 일주서로 6111,곽지리 1381,0507-1403-5943,맛집
새록,"카페,디저트",0.0,제주 제주시 인다11길 28,아라일동 6126-2,010-4976-2246,맛집
베메로 bake make roast,"카페,디저트",4.64,제주 서귀포시 중문관광로72번길 29-9 신우성타운 내 라동,색달동 2822-2,064-738-7832,맛집
집의기록상점,베이커리,0.0,제주 제주시 한림읍 귀덕11길 60,귀덕리 951-1,070-8845-5556,맛집
애월빵공장 앤 카페,"카페,디저트",4.34,"제주 제주시 애월읍 금성5길 42-15 애월빵공장앤카페 1, 2층",금성리 472-13,0507-1351-5961,맛집
블루메베이글,베이커리,4.64,제주 제주시 가령로4길 3 1층,,0507-1445-3444,맛집
미쁜제과,"카페,디저트",0.0,제주 서귀포시 대정읍 도원남로 16 미쁜제과,신도리 2349-13,070-8822-9212,맛집
콜린 제주,"카페,디저트",0.0,제주 제주시 애월읍 애월로1길 24-8 1-3층,애월리 2527-2,0507-1316-0665,맛집
먹쿠슬낭카페,"카페,디저트",4.74,제주 제주시 오라로 24 먹쿠슬낭카페,오라삼동 2319-8,0507-1371-0360,맛집
스타벅스 제주용담DT점,카페,4.47,제주 제주시 서해안로 380,용담삼동 2572-4,1522-3232,맛집
바다다,"카페,디저트",4.27,제주 서귀포시 대포로 148-15,대포동 2384,064-738-2882,맛집
파리바게뜨 제주공항탑승점,베이커리,4.36,제주 제주시 공항로 2 (용담이동) 국내선 격리대합실 2층,용담2동 2002 국내선 격리대합실 2층,0507-1324-0742,맛집
빠빠라기,카페,4.48,제주 제주시 중앙로 218 남광빌딩,이도이동 1772-17,064-722-1888,맛집
새물,"카페,디저트",4.7,제주 제주시 애월읍 애월해안로 620 1.2.3층,신엄리 929-2,0507-1359-4305,맛집
울트라마린,"카페,디저트",4.57,제주 제주시 한경면 일주서로 4611,판포리 1611,064-803-0414,맛집
스타벅스 제주성산DT점,카페,4.48,제주 서귀포시 성산읍 일출로 80,고성리 238,1522-3232,맛집
성산카페 호랑호랑,카페,4.4,제주 서귀포시 성산읍 일출로 86 C동 호랑호랑,고성리 235,064-783-9799,맛집
테라도스,"카페,디저트",4.84,제주 제주시 애월읍 애상로 207-2 테라도스,하가리 1607-3,010-8565-4162,맛집
롱플레이,카페,0.0,제주 제주시 구좌읍 동복로 44,동복리 1456-1,070-4489-4004,맛집
다니쉬,베이커리,4.61,제주 제주시 조천읍 함덕16길 56 다니쉬,함덕리 1250,0507-1333-1377,맛집
수애기베이커리카페,베이커리,4.42,제주 서귀포시 대정읍 동일하모로98번길 48-59,동일리 3132,064-792-7997,맛집
말로,"카페,디저트",4.48,제주 제주시 조천읍 남조로 1785-12,교래리 619,0507-1317-5197,맛집
인카페온더비치,카페,4.47,제주 제주시 구좌읍 해맞이해안로 943,한동리 1638,0507-1411-1638,맛집
애월빵공장,"카페,디저트",0.0,제주 제주시 애월읍 금성5길 42-15 203호,금성리 472-13,0507-1353-6767,맛집
공백,"카페,디저트",4.35,제주 제주시 구좌읍 동복로 83,동복리 1568-1,064-783-0015,맛집
프릳츠 제주성산점,"카페,디저트",0.0,제주 서귀포시 성산읍 일출로 222,성산리 399-28,0507-1468-2045,맛집
아뽀밍고,"카페,디저트",4.63,제주 서귀포시 성산읍 일출로 230 3층,성산리 399-46,010-3694-7103,맛집
백한철꽈배기&식빵,베이커리,0.0,제주 서귀포시 남원읍 남한로21번길 56,남원리 1279-1,0507-1448-5063,맛집
카페나모나모베이커리,"카페,디저트",4.44,제주 제주시 도두봉6길 4 연중무휴 도두봉 무지개 해안도로 앞 대형 베이커리카페,도두일동 1732-9,064-713-7782,맛집
뷰스트,"카페,디저트",4.44,제주 서귀포시 안덕면 형제해안로 30,사계리 2147-2,0507-1356-9272,맛집
카페루시아 본점,"카페,디저트",4.47,제주 서귀포시 안덕면 난드르로 49-17,창천리 840-1,064-738-8879,맛집
김녕 쪼끌락 카페,"카페,디저트",0.0,제주 제주시 구좌읍 김녕로21길 21 쪼끌락카페,김녕리 1223-20,0507-1412-3436,맛집
고도,카페,4.58,제주 제주시 어영길 15 1층. 고도,용담삼동 1173-1,0507-1387-1514,맛집
앨리스,"카페,디저트",4.63,제주 제주시 서광로32길 36-1 2층,이도이동 1188-15,064-702-1179,맛집
용두암오메기떡집,"떡,한과",4.57,제주 제주시 용담로7길 6,용담2동 603-121,0507-1358-0049,맛집
하라케케,"카페,디저트",0.0,제주 서귀포시 속골로 29-10 16호,호근동 1638-2,0507-1311-0878,맛집
섬나라오메기떡,떡카페,4.53,제주 제주시 용해로 6 섬나라오메기,용담삼동 1029,064-724-4455,맛집
애월아시시,"카페,디저트",0.0,제주 제주시 애월읍 애월해안로 474 지하1층,신엄리 2801-5,010-4451-3400,맛집
보라지붕,"카페,디저트",4.85,제주 제주시 조천읍 함덕19길 6,함덕리 960-3,0507-1326-6827,맛집
신촌덕인당,베이커리,4.39,제주 제주시 조천읍 신북로 36,신촌리 2586-1,064-783-6153,맛집
봄날,"카페,디저트",0.0,제주 제주시 애월읍 애월로1길 25,애월리 2540,0507-1494-4999,맛집
보룡제과,베이커리,4.58,제주 서귀포시 성산읍 고성오조로 48-1,고성리 2747-28,064-782-5472,맛집
리부아르,"카페,디저트",0.0,제주 제주시 애월읍 애월해안로 686 3층 LIBOIRE CAFE,구엄리 1258-8,0507-1344-5574,맛집
풀베개,"카페,디저트",4.17,제주 서귀포시 안덕면 화순서서로 492-4,서광리 1756-1,064-792-2717,맛집
듀포레,베이커리,4.54,제주 제주시 서해안로 579 듀포레,용담삼동 1092,0507-1386-4515,맛집
공설,"카페,디저트",0.0,제주 제주시 공설로 15 공설,삼도일동 562-8,064-723-3479,맛집
소색채본,"카페,디저트",0.0,제주 서귀포시 안덕면 사계남로216번길 24-61 소색채본,사계리 113,0507-1356-1686,맛집
함덕카페 어반정글 그레이밤부,브런치카페,0.0,제주 제주시 조천읍 일주동로 1611 1층,북촌리 371-1,0507-1323-5911,맛집
카페한라산,"카페,디저트",4.62,제주 제주시 구좌읍 면수1길 48,하도리 3200-9,064-783-1522,맛집
클랭블루,"카페,디저트",4.46,제주 제주시 한경면 한경해안로 552-22,신창리 1293-1,0507-1335-5338,맛집
다소니,차,4.5,제주 제주시 오남로6길 24,오라일동 995-15,064-752-5533,맛집
푸딩푸딩,"카페,디저트",0.0,제주 제주시 남성로 12 1층,용담일동 2824,010-7597-4620,맛집
서울앵무새 제주점,"카페,디저트",0.0,제주 서귀포시 색달중앙로 162,색달동 1045,0507-1333-1940,맛집
조식,"카페,디저트",4.86,제주 제주시 애월읍 어림비로 272,어음리 3459-1,0507-1333-1940,맛집
웨스트그라운드,"카페,디저트",0.0,제주 제주시 한경면 신한로 183-16 웨스트그라운드,두모리 568-1,0507-1314-3855,맛집
델문도 김녕점,"카페,디저트",0.0,제주 제주시 구좌읍 해맞이해안로 140,김녕리 462-15,010-3268-2804,맛집
디뷰,"카페,디저트",4.9,제주 제주시 노형7길 9-16 1층 디뷰,노형동 3801-9,070-4139-9999,맛집
슬로보트,"카페,디저트",4.69,제주 제주시 애월읍 하귀2길 46-16,하귀1리 330,0507-1389-1455,맛집
스타벅스 성산일출봉점,카페,4.46,제주 서귀포시 성산읍 일출로 284-5,성산리 109-11,1522-3232,맛집
벙커하우스,"카페,디저트",4.44,제주 서귀포시 막숙포로41번길 66,법환동 140,0507-1358-0803,맛집
고사리커피,"카페,디저트",0.0,제주 제주시 구좌읍 중산간동로 2064,송당리 1152-2,0507-1340-9316,맛집
오복떡집,떡카페,4.31,제주 제주시 동문로2길 10 오복떡집,일도1동 1480-3,064-753-4641,맛집
크래커스 대정점,카페,4.49,제주 서귀포시 대정읍 보성구억로126번길 34 1층,안성리 1858-1,064-792-8900,맛집
버터모닝,베이커리,4.62,제주 제주시 애월읍 하광로 279,광령리 3798-3,064-712-0461,맛집
카페구할구 제주,"카페,디저트",0.0,제주 제주시 구좌읍 월정5길 48-2 카페구할구 제주,월정리 514,0507-1316-5953,맛집
마녀의 언덕 카페,"카페,디저트",4.52,제주 서귀포시 예래해안로 205 1층,하예동 702,010-5003-8816,맛집
인스밀,베이커리,4.41,제주 서귀포시 대정읍 일과대수로27번길 22 1층,일과리 1291,0507-1352-5661,맛집
성산 카페 브런치 난산리다방 & 사진관 조아가지구,"카페,디저트",4.98,제주 서귀포시 성산읍 난산로41번길 39-2,난산리 1173-1,0507-1362-1317,맛집
망고홀릭 제주본점,"카페,디저트",4.49,제주 제주시 삼무로5길 2 1층,연동 271-40,064-746-8778,맛집
피커스 제주,"카페,디저트",4.44,제주 제주시 아연로 444-1 2층,오등동 613,0507-1401-0240,맛집
풍림다방 송당점,"카페,디저트",0.0,제주 제주시 구좌읍 중산간동로 2267-4 풍림다방 송당점,송당리 1377-1,1811-5775,맛집
테라로사커피 중문 에코라운지점,카페,0.0,제주 서귀포시 일주서로 1166,상예동 2676,1668-2764,맛집
멜버즈,"카페,디저트",4.64,제주 제주시 한라대학로 114 골든스퀘어 1층 멜버즈,,0507-1436-0790,맛집
비케이브,"카페,디저트",0.0,제주 제주시 조천읍 동백로 122 1층 비케이브,선흘리 161-6,0507-1410-8022,맛집
트라이브,"카페,디저트",4.68,제주 제주시 애월읍 애월로 11,애월리 2467,064-799-1031,맛집
오버더센스,"카페,디저트",0.0,제주 서귀포시 칠십리로 655 오버더센스,하효동 1098,0507-1409-1115,맛집
카페리 CAFERI 구좌읍 평대리카페,"카페,디저트",0.0,제주 제주시 구좌읍 평대2길 39 1층,평대리 1947-4,010-2047-8244,맛집
아침미소목장,"카페,디저트",0.0,제주 제주시 첨단동길 160-20,월평동 155,0507-1469-2545,맛집
스타벅스 서귀포DT점,카페,4.49,제주 서귀포시 일주서로 11,강정동 246,1522-3232,맛집
찰리공장,"카페,디저트",0.0,제주 제주시 중앙로13길 21 1층,일도1동 1484-7,0507-1318-3507,맛집
리치망고 애월본점,카페,4.46,제주 제주시 애월읍 애월해안로 272,고내리 474-1,070-4243-5959,맛집
스타벅스 제주신화월드R점,카페,4.45,제주 서귀포시 안덕면 신화역사로304번길 38,서광리 산24,1522-3232,맛집
그루브,카페,4.45,제주 제주시 한림읍 한림로 333,협재리 2447-7,064-796-3336,맛집
UDA,"카페,디저트",4.67,제주 서귀포시 속골로 13-7,호근동 1631-1,070-7757-0000,맛집
구좌상회,"카페,디저트",4.36,제주 제주시 조천읍 선교로 198-5 구좌상회,선흘리 3983,010-6600-6648,맛집
사일리커피,카페,4.67,제주 서귀포시 대정읍 최남단해안로 412,상모리 1670-3,0507-1369-3382,맛집
베케,"카페,디저트",4.44,제주 서귀포시 효돈로 54,신효동 1137-1,064-732-3828,맛집
SADDLER HAUS 제주애월점,베이커리,4.53,제주 제주시 애월읍 애월로1길 24-15 1층,애월리 2527-4,02-4567-1234,맛집
스타벅스 제주칠성점,카페,4.48,제주 제주시 관덕로 55,일도1동 1461-1,1522-3232,맛집
앤트러사이트,"카페,디저트",0.0,제주 제주시 한림읍 한림로 564,동명리 1715,064-796-7991,맛집
인그리드,"카페,디저트",4.52,제주 제주시 서해안로 64,,0507-1344-6646,맛집
그러므로part2,"카페,디저트",4.47,제주 제주시 수목원길 16-14,노형동 128,070-8844-2984,맛집
성산해나,"카페,디저트",4.66,제주 서귀포시 성산읍 성산중앙로 30-1,성산리 174-11,0507-1331-2820,맛집
포레스트제이 카우셰드,"카페,디저트",0.0,제주 서귀포시 안덕면 화순서서로64번길 16 포레스트제이카우셰드,화순리 1759-1,064-792-9909,맛집
커피냅로스터스 제주,"카페,디저트",0.0,제주 제주시 애월읍 하귀2길 45 1층,하귀1리 450-1,064-744-4131,맛집
모노클제주,베이커리,4.54,제주 서귀포시 남원읍 태위로360번길 30-8,위미리 745-4,0507-1314-0360,맛집
소길다방,"카페,디저트",0.0,제주 제주시 애월읍 소길2길 45-3,소길리 619,0507-1483-5641,맛집
안녕육지사람,"카페,디저트",4.55,제주 제주시 우도면 우도해안길 792,연평리 1197-4,0507-1387-0186,맛집
포레스트,베이커리,0.0,제주 제주시 애월읍 유수암평화길 162 포레스트,유수암리 965,064-799-8853,맛집
플로웨이브,"카페,디저트",0.0,제주 제주시 한림읍 장원길 63-12 플로웨이브 카페,한림리 56-1,0507-1305-9367,맛집
베릴,"카페,디저트",0.0,제주 제주시 한림읍 협재1길 19-8 1층,협재리 1698,010-2371-7114,맛집
카페 돗돗헌,"카페,디저트",4.4,제주 서귀포시 표선면 민속해안로 631-34,표선리 40-1,0507-1447-4502,맛집
빠빠라기 신제주점,카페,4.5,제주 제주시 신광로 45,연동 272-19,064-753-2888,맛집
귤당리 협재점,"카페,디저트",4.85,제주 제주시 한경면 일주서로 4492,판포리 2950,070-7537-0038,맛집
카페이면,카페,4.65,제주 제주시 한림읍 금능5길 13 1층,금능리 1544,0507-1444-8864,맛집
카페 라라라,"카페,디저트",4.61,제주 제주시 구좌읍 해맞이해안로 1430,세화리 1498-3,0507-1328-0464,맛집
카페 레이어드 제주점,"카페,디저트",0.0,제주 제주시 구좌읍 동복로 85 주1동 1층,동복리 719-1,0507-1328-0464,맛집
호도제과,베이커리,4.47,제주 서귀포시 안덕면 화순로 132 호도제과,화순리 1091-4,0507-1477-0047,맛집
채점석베이커리&카페,베이커리,4.36,제주 서귀포시 서호남로32번길 29,서호동 1554-4,064-739-0033,맛집
오알,"카페,디저트",0.0,제주 서귀포시 태평로 107 하얀색 뒷건물,호근동 481-1,0507-1475-7113,맛집
팀블로우,"카페,디저트",4.58,제주 제주시 애월읍 애월로 19-5 1층,애월리 2474-3,064-799-2843,맛집
벨진밧,"카페,디저트",4.44,제주 서귀포시 대정읍 보성구억로 220-1,안성리 2014-3,0507-1457-0177,맛집
폴바셋 제주 아라 DT점,카페,4.45,제주 제주시 중앙로 393,아라이동 2436,064-725-8270,맛집
카페 귤꽃다락,"카페,디저트",4.66,제주 서귀포시 이어도로1027번길 34,서호동 133,0507-1409-2323,맛집
카페블루하우스 제주점,"카페,디저트",4.86,제주 제주시 노형5길 11 1층 카페블루하우스,노형동 3802-14,0507-1393-1688,맛집
미깡창고 카페,"카페,디저트",4.56,제주 제주시 애월읍 중산간서로 6710-1 미깡창고,광령리 19-2,0507-1408-1506,맛집
롤링브루잉,카페,4.78,제주 제주시 동문로 21-1 1층 롤링브루잉,일도1동 1168-1,010-9312-5222,맛집
카페팀블로우,"카페,디저트",4.56,"제주 제주시 애월읍 애월로 19-3 나동, 1층",애월리 2474-2,0507-1349-2843,맛집
마노커피하우스,"카페,디저트",4.76,제주 서귀포시 천제연로188번길 6-6 1층,중문동 2121,0507-1381-7373,맛집
미스틱3도,카페,4.4,제주 제주시 1100로 2894-49 1층,노형동 291-10,0507-1312-2905,맛집
히포파운드,"카페,디저트",0.0,제주 제주시 오광로 120 1층,,0507-1458-6290,맛집
빵귿,베이커리,4.53,제주 제주시 구남동6길 45-1 1층 빵귿,이도이동 2026-18,064-757-0392,맛집
스타벅스 제주노형점,카페,4.51,제주 제주시 도령로 27,노형동 1295-16,1522-3232,맛집
비브레이브 혁신도시점,"카페,디저트",4.58,제주 서귀포시 서호중앙로 85-13,서호동 1525-2,0507-1330-9112,맛집
폴 바셋 제주 용담 DT점,카페,0.0,제주 제주시 서해안로 442-1 폴바셋,용담삼동 2400-10,064-749-1630,맛집
명월국민학교,"카페,디저트",4.48,제주 제주시 한림읍 명월로 48,명월리 1734,070-8803-1955,맛집
외도339,베이커리,4.46,제주 제주시 일주서로 7345 OEDO339,외도이동 339,0507-1345-0339,맛집
봉주르마담,베이커리,4.48,제주 서귀포시 대청로 33 오름빌딩1차 103호 봉주르마담,강정동 208-4,0507-1440-2900,맛집
북성로42 베이커리,베이커리,0.0,제주 제주시 북성로 42 1-3층,삼도이동 1176-15,0507-1403-0654,맛집
돌카롱 제주공항점,"카페,디저트",4.35,제주 제주시 서광로2길 27-2,오라일동 2444-23,0507-1300-5261,맛집
카페살레,"카페,디저트",4.56,"제주 제주시 우도면 우도해안길 816 1,2층",연평리 1290-2,0507-1317-8409,맛집
그라나다,카페,4.32,제주 제주시 도공로 86-1,이호일동 292-4,010-8900-2877,맛집
애월당 애월제과,베이커리,4.55,제주 제주시 애월읍 애월북서길 56,,0507-1492-8504,맛집
로빙화,"카페,디저트",0.0,제주 서귀포시 남원읍 남태해안로 13,남원리 1398-7,0507-1433-1955,맛집
제주명품쑥보리빵,베이커리,4.45,제주 제주시 우정로 2,외도일동 418-11,064-711-2462,맛집
찻집 지안 본점,차,0.0,제주 제주시 애월읍 유수암로 23 1층 우측상가,유수암리 1846-1,0507-1335-9551,맛집
릴로,브런치카페,4.75,제주 제주시 구좌읍 하도13길 63 릴로,하도리 53-39,010-4420-4945,맛집
에이바우트커피뷰 하귀포구점,카페,4.41,제주 제주시 애월읍 하귀12길 21-2 1~3층,하귀1리 1624-2,064-711-5558,맛집
에오마르,"카페,디저트",4.32,제주 제주시 선사로8길 13-6,삼양일동 1569-26,0507-1357-2412,맛집
열두달,"카페,디저트",4.68,제주 제주시 한경면 용수길 37 열두달,용수리 4348-8,0507-1335-0754,맛집
애플망고1947,"카페,디저트",4.52,제주 서귀포시 대정읍 신평로 32,신평리 452-1,064-732-1947,맛집
와토커피,"카페,디저트",4.53,제주 서귀포시 대정읍 동일하모로 238,상모리 3854-5,0507-1407-1452,맛집
Jimmys natural icecream,아이스크림,4.38,제주 제주시 우도면 우도해안길 1132,연평리 317-2,010-9868-8633,맛집
모뉴에트,"카페,디저트",0.0,제주 제주시 구좌읍 종달동길 23,종달리 748,010-5746-5316,맛집
트라인커피,"카페,디저트",4.49,제주 제주시 조천읍 와흘상길 32,와흘리 1908,0507-1412-9794,맛집
미남미녀,"카페,디저트",4.69,제주 서귀포시 색달중앙로55번길 22 미남미녀,색달동 2223,0507-1330-6165,맛집
카페소금,"카페,디저트",4.51,제주 제주시 애월읍 구엄길 96,구엄리 1285-1,0507-1428-5541,맛집
대원오메기떡,떡카페,4.57,제주 제주시 동광로5길 3 대원오메기떡,이도일동 1252-1,064-757-4244,맛집
게우지코지 카페,베이커리,4.43,제주 서귀포시 보목포로 177,하효동 1371-1,0507-1368-5555,맛집
탐나쑥빵,베이커리,4.67,제주 제주시 한림읍 한림상로 221 1층,대림리 1789-9,0507-1315-5092,맛집
카페 치즈태비,"카페,디저트",0.0,제주 제주시 구좌읍 행원로7길 18-9 카페치즈태비,행원리 610,0507-1324-1464,맛집
용꽈배기,베이커리,4.44,제주 제주시 서광로30길 3 용꽈배기,이도이동 1776-4,064-725-6772,맛집
푸린 제주애월점,"카페,디저트",0.0,제주 제주시 애월읍 애월로1길 24-5 1층 PURIN 제주애월점,애월리 2527-14,0507-1494-7333,맛집
카페오드리,"카페,디저트",0.0,제주 제주시 한림읍 한창로 1294 카페오드리,금악리 1954-2,0507-1332-4657,맛집
스타벅스 제주시청점,카페,4.47,제주 제주시 중앙로 215,이도이동 1176-85,1522-3232,맛집
인터포레스트,"카페,디저트",4.73,제주 제주시 구좌읍 비자림로 1655,송당리 2092,010-5793-1913,맛집
카페담아,"카페,디저트",4.52,제주 서귀포시 칠십리로 94-1,서귀동 759-9,0507-1358-2521,맛집
라토커피제주,"카페,디저트",4.47,제주 제주시 광양10길 20,이도2동 1769-15,0507-1358-2521,맛집
비수기애호가,"카페,디저트",0.0,제주 제주시 구좌읍 해맞이해안로 997 2층,한동리 1368-5,064-782-4217,맛집
크래커스 한경점,"카페,디저트",4.54,제주 제주시 한경면 낙수로 1,조수리 1363-1,064-773-0080,맛집
바람과 사람 그리고 미술관 바사그미,"카페,디저트",0.0,제주 제주시 1100로 2894-72,연동 680-26,064-712-1300,맛집
카페토르토니,카페,4.63,제주 제주시 아란5길 20,아라일동 6097-16,064-721-1656,맛집
자드부팡,"카페,디저트",0.0,제주 제주시 조천읍 북흘로 385-216,선흘리 954,0507-1321-7634,맛집
함덕 카페 라라떼 커피,카페,0.0,제주 제주시 조천읍 신북로 494 1층 (제주구옥 단독주택),함덕리 1231,0507-1315-3444,맛집
카페미깡,"카페,디저트",4.92,,제주 서귀포시 남원읍 하례리 964-2,0507-1418-3678,맛집
쿠이,"카페,디저트",4.59,제주 제주시 애월읍 곽지3길 21 쿠이,곽지리 1575-10,0507-1344-9728,맛집
라온베이커리 남녕점,베이커리,0.0,제주 제주시 남녕로 11 남녕마트 내 라온베이커리,노형동 1292-12,0507-1321-4240,맛집
리틀보라카이 브런치&펍,"카페,디저트",4.87,제주 서귀포시 색달중앙로 38 1층 리틀보라카이,색달동 2284-1,0507-1404-0213,맛집
골목카페옥수,"카페,디저트",4.43,제주 제주시 애월읍 소길1길 19 골목카페옥수,소길리 652-1,0507-1318-6516,맛집
Anthracite Coffee 한림,"카페,디저트",4.38,제주 제주시 한림읍 한림로 564,동명리 1715,0507-1318-6516,맛집
제주설심당 본점,"카페,디저트",4.23,제주 제주시 서해안로 504,용담삼동 2319-6,064-745-2145,맛집
서귀피안 본점,케이크전문,4.44,제주 서귀포시 일주동로 9022,서호동 153-8,070-7747-5914,맛집
스타벅스 서귀포올레점,카페,0.0,제주 서귀포시 중정로 69,서귀동 274-6,1522-3232,맛집
젤라떼리아섬,아이스크림,4.63,제주 제주시 노형5길 7 1층 젤라떼리아섬,노형동 3796-11,0507-1344-6808,맛집
오늘은녹차한잔,"카페,디저트",4.55,제주 서귀포시 표선면 중산간동로 4772,성읍리 2197,064-787-6888,맛집
미쿠니,"카페,디저트",4.61,제주 제주시 서흘길 41,삼양일동 1779,0507-1305-4478,맛집
쇠소깍빵명장,베이커리,4.35,제주 서귀포시 쇠소깍로 122 쇠소깍빵명장,하효동 994-2,0507-1466-8594,맛집
오뚜기빵집,베이커리,4.07,제주 서귀포시 남원읍 태위로 129,위미리 2850,064-764-1888,맛집
북촌에가면,카페,4.23,제주 제주시 조천읍 북촌5길 6 북촌에가면,북촌리 1262-1,064-752-1507,맛집
떼르떼,카페,4.27,제주 제주시 수덕로 81 1층,노형동 2586-3,0507-1406-8877,맛집
그계절,"카페,디저트",4.48,제주 제주시 구좌읍 한동로 119 1동,한동리 2040,010-3140-3121,맛집
숙자네숟가락젓가락 섭지코지2호점,"해물,생선요리",0.0,제주 서귀포시 성산읍 섭지코지로46번길 10 숙자네숟가락젓가락 2호점,고성리 214-12,0507-1485-0375,맛집
협재흑돼지더꽃돈본점,돼지고기구이,4.51,제주 제주시 한림읍 한림로 366,협재리 1781-1,0507-1364-5393,맛집
우진해장국,향토음식,4.41,제주 제주시 서사로 11,삼도이동 831,064-757-3393,맛집
해오반 함덕점,한식,0.0,제주 제주시 조천읍 조함해안로 514 2층 해오반 함덕점,함덕리 1004-17,064-784-4544,맛집
올래국수,국수,4.38,제주 제주시 귀아랑길 24 올래국수,연동 301-19,064-742-7355,맛집
이춘옥원조고등어쌈밥 제주애월본점,쌈밥,4.63,제주 제주시 애월읍 일주서로 7213,하귀1리 266-1,0507-1402-9914,맛집
성산 고등어쌈밥 김치찜,쌈밥,0.0,제주 서귀포시 성산읍 섭지코지로25번길 122-5 고등어쌈밥,고성리 232,0507-1427-4944,맛집
숙성도 노형본관,돼지고기구이,4.56,제주 제주시 원노형로 41 1층,노형동 941-2,0507-1335-5211,맛집
제주광해 애월,한식,4.58,제주 제주시 애월읍 애월해안로 867 2층,하귀2리 2740-8,0507-1312-4789,맛집
제주순풍해장국 함덕점,해장국,4.84,제주 제주시 조천읍 신북로 604 1층,함덕리 4144,064-782-8866,맛집
미영이네,생선회,4.53,제주 서귀포시 대정읍 하모항구로 42,하모리 770-29,064-792-0077,맛집
갈치요리 전문점 뜰에,"해물,생선요리",4.79,제주 제주시 애월읍 애월로11길 23-1,애월리 1819-39,064-799-1479,맛집
연돈,돈가스,4.58,제주 서귀포시 일주서로 968-10,색달동 2156-2,0507-1386-7060,맛집
해오름식당,한식,4.33,제주 제주시 오일장서길 21 해오름식당,도두일동 1181-5,0507-1344-0368,맛집
먹돌 제주본점,국수,4.54,제주 제주시 월성로 26,용담2동 2747-6,0507-1405-9777,맛집
금돈가 제주 애월해안도로 본점,돼지고기구이,4.71,제주 제주시 애월읍 가문동남길 63 1층,하귀2리 2717,0507-1396-6466,맛집
까망돼지 중문점,돼지고기구이,4.58,제주 서귀포시 색달중앙로 21 여미지하우스1층 까망돼지본점,색달동 2534-9,0507-1316-6543,맛집
연동 돌담흑돼지,돼지고기구이,4.83,제주 제주시 연동7길 35 2층 돌담흑돼지,연동 273-35,0507-1389-6090,맛집
중문 돌담흑돼지,돼지고기구이,0.0,제주 서귀포시 일주서로 909 1층,색달동 2272-1,0507-1391-4619,맛집
고집돌우럭 중문점,한식,4.77,제주 서귀포시 일주서로 879,색달동 2351,0507-1408-1540,맛집
색달식당중문갈치조림구이본점,"해물,생선요리",0.0,제주 서귀포시 예래로 255-18 1층,하예동 350,0507-1321-1741,맛집
자매국수,국수,4.38,제주 제주시 항골남길 46 자매국수,이호일동 651-3,064-746-2222,맛집
회가서쪽에서뜨겠네,생선회,4.67,제주 제주시 애월읍 애월로 12 1층,애월리 2454-1,0507-1361-6012,맛집
채정하 흑돼지 접짝뼈국 구좌본점,"육류,고기요리",0.0,제주 제주시 구좌읍 일주동로 3103,평대리 128-1,0507-1306-4399,맛집
동진식당 동문시장점,국수,4.37,제주 제주시 동문로 16 제주 동진식당,일도1동 1148-2,0507-1431-0427,맛집
중문색달통갈치 본점,"해물,생선요리",4.83,제주 서귀포시 일주서로 993,색달동 2088-1,0507-1356-2089,맛집
함덕 연옥,한식,0.0,제주 제주시 조천읍 조함해안로 528 2층 연옥,함덕리 1004-29,010-7151-1527,맛집
뚱딴지 애월본점,한식,4.66,제주 제주시 애월읍 부룡수길 17,신엄리 2814-1,0507-1370-2085,맛집
해송수산물회센타,생선회,0.0,제주 제주시 애월읍 애월로11길 23,애월리 1819-30,0507-1376-1662,맛집
제주오성 갈치조림 제주도 중문 본점,"해물,생선요리",4.67,제주 서귀포시 중문관광로 27 제주오성 갈치조림 제주도 중문 본점,색달동 2507-1,0507-1315-3120,맛집
숙성도 중문점,돼지고기구이,4.43,제주 서귀포시 일주서로 966,색달동 2123,064-739-5213,맛집
함덕흑돼지우돈향 함덕점,"육류,고기요리",4.83,제주 제주시 조천읍 조함해안로 530 2층 우돈향,,064-782-6969,맛집
제주섭지회관,생선회,4.76,제주 서귀포시 성산읍 섭지코지로 62,고성리 206-5,0507-1337-5379,맛집
제주돔베,한식,0.0,제주 제주시 연북로 840,화북이동 3184,0507-1439-3303,맛집
동문시장고기국수 금복식당,국수,4.42,제주 제주시 동문로 16,일도1동 1148-2,064-757-6055,맛집
제주보말칼국수,"칼국수,만두",4.7,제주 제주시 관덕로8길 40,삼도이동 186-5,064-758-8886,맛집
오는정김밥,한식,4.32,제주 서귀포시 동문동로 2,서귀동 254-6,064-762-8927,맛집
덤장 중문점,향토음식,4.31,제주 서귀포시 천제연로 17 덤장 중문점,색달동 2119,0507-1402-2550,맛집
온평바다한그릇,생선회,0.0,제주 서귀포시 성산읍 환해장성로 467,온평리 1192-1,0507-1300-4670,맛집
제주도 해녀세자매,"해물,생선요리",0.0,제주 제주시 한림읍 한림해안로 275 1층 제주도 해녀세자매,수원리 942-1,0507-1488-0083,맛집
칠사돈 애월해안도로본점,"육류,고기요리",0.0,제주 제주시 애월읍 애월해안로 906 1층,하귀2리 2710,064-748-3366,맛집
가람돌솥밥,한식,4.46,제주 서귀포시 중문관광로 332 가람돌솥밥,대포동 747-3,0507-1432-1200,맛집
고집돌우럭 제주공항점,한식,4.71,제주 제주시 임항로 30,건입동 1319-124,0507-1436-1008,맛집
안녕협재씨 제주협재점,비빔밥,4.51,제주 제주시 한림읍 금능길 12 1층,금능리 1740,0507-1347-0624,맛집
고등어회결사,"해물,생선요리",0.0,제주 제주시 애월읍 애월해안로 941 1층,하귀2리 2615-1,0507-1409-5576,맛집
협재수우동 협재점,일식당,4.11,제주 제주시 한림읍 협재1길 11,협재리 1706-1,064-796-5830,맛집
나운터 횟집 서귀포올레시장본점,생선회,4.77,제주 서귀포시 칠십리로 42,서귀동 667-35,0507-1401-2237,맛집
우도해녀식당,"해물,생선요리",0.0,제주 제주시 우도면 우도해안길 440 우도해녀식당,연평리 2308-3,010-9090-3509,맛집
바다를본돼지 서귀포올레시장점,돼지고기구이,4.49,제주 서귀포시 칠십리로 123 2층 바다를본돼지 제주서귀포점,서귀동 42,0507-1413-1058,맛집
가시아방국수,국수,4.34,제주 서귀포시 성산읍 섭지코지로 10,고성리 528-2,064-783-0987,맛집
계절식탁 함덕점,한식,4.77,제주 제주시 조천읍 조함해안로 510 2층,함덕리 1004-41,0507-1432-6577,맛집
한라미담우동,"우동,소바",0.0,제주 제주시 관덕로11길 35 2층,건입동 1401-3,0507-1451-0704,맛집
양대감 노형,돼지고기구이,4.64,"제주 제주시 원노형로 36 101호,102호",노형동 939-4,0507-1427-9593,맛집
산포식당 성산점,향토음식,0.0,제주 서귀포시 성산읍 서성일로 1134,,0507-1360-9217,맛집
곱들락 함덕흑돼지,돼지고기구이,4.55,제주 제주시 조천읍 함덕18길 19 101호,함덕리 951-1,064-783-0992,맛집
피즈 애월,햄버거,4.51,제주 제주시 애월읍 애월로 29 1층 피즈 애월,애월리 2481-3,0507-1348-5148,맛집
돈이랑 본점,돼지고기구이,4.68,제주 서귀포시 일주서로 953,색달동 2182,0507-1415-9277,맛집
도라지식당 제주공항본점,한식,0.0,제주 제주시 연삼로 128 도라지빌딩,오라삼동 2112,0507-1349-3142,맛집
춘미향 제주산방산점,한식,4.48,제주 서귀포시 안덕면 산방로 378,사계리 2820-4,0507-1429-5611,맛집
맛나식당,한식,4.46,제주 서귀포시 성산읍 동류암로 41,고성리 316-9,064-782-4771,맛집
제주에가면,한식,4.49,제주 제주시 탑동로 119 제주에 가면,삼도이동 1158-22,0507-1330-2119,맛집
제주의노을 한림협재점,생선회,0.0,제주 제주시 한림읍 한림해안로 580 제주의노을 한림협재점,귀덕리 4169-4,0507-1332-3508,맛집
고이정 흑돼지 애월본점 보리짚불구이,돼지고기구이,4.61,제주 제주시 애월읍 애월로 6 애월 고이정,,0507-1350-0401,맛집
미향해장국 성산점,미향해장국,0.0,제주 서귀포시 성산읍 일출로 9 1층,고성리 1098-1,064-784-9994,맛집
은희네해장국,해장국,4.37,제주 제주시 고마로13길 8,일도2동 357-4,064-726-5622,맛집
뽈살집 본점,돼지고기구이,4.63,제주 서귀포시 중정로91번길 41 1층,서귀동 278-3,064-763-6860,맛집
협재섬바다,한식,0.0,제주 제주시 한림읍 금능남로 53 협재섬바다,협재리 2765-5,064-796-0053,맛집
바다속고등어쌈밥 제주애월본점,쌈밥,0.0,제주 제주시 애월읍 일주서로 7089 1층,하귀1리 1548,0507-1479-6466,맛집
제주김만복김밥 본점,분식,4.27,제주 제주시 오라로 41,오라삼동 2250-1,064-759-8582,맛집
노라바,라면,0.0,제주 제주시 애월읍 구엄길 100,구엄리 1287-1,0507-1360-1900,맛집
제주협재 바다해찬,"해물,생선요리",4.58,제주 제주시 한림읍 한림로 326,협재리 2514-28,0507-1367-6261,맛집
제주약수터,"맥주,호프",4.63,제주 서귀포시 중앙로 35 1층,서귀동 294-20,0507-1323-6572,맛집
고집돌우럭 제주함덕점,향토음식,4.76,제주 제주시 조천읍 신북로 491-9 2층,함덕리 1020-2,0507-1353-6061,맛집
순옥이네명가,전복요리,4.26,제주 제주시 도공로 8,도두일동 2615-5,064-743-4813,맛집
제주신라호텔 더 파크뷰,뷔페,4.77,제주 서귀포시 중문관광로72번길 75 3층,색달동 3039-3,064-735-5334,맛집
정도 제주애월해안도로본점,돼지고기구이,0.0,"제주 제주시 애월읍 가문동길 53 1, 2층 솔잎훈연흑돼지 정도",하귀2리 2731,0507-1354-1286,맛집
우동카덴,일식당,0.0,제주 제주시 조천읍 교래3길 23,교래리 550-1,0507-1346-6263,맛집
화로위 함덕해수욕장점,"육류,고기요리",4.69,제주 제주시 조천읍 함덕19길 9 1동 1층 화로위,함덕리 960-7,0507-1383-1094,맛집
숙성도 애월점,돼지고기구이,0.0,제주 제주시 애월읍 애월로1길 24-16 1층,애월리 2527-4,0507-1356-4231,맛집
이모밥상,한식,0.0,제주 제주시 연북로 173,연동 456-1,064-744-1733,맛집
협재칼국수,"칼국수,만두",4.47,제주 제주시 한림읍 협재로 3,협재리 1908-2,0507-1335-8107,맛집
둘레길 서귀포중문본점,양식,4.9,제주 서귀포시 천제연로 209-1 2층 둘레길,중문동 2006-3,0507-1379-3255,맛집
동문올레수산 동문시장 본점,"해물,생선요리",4.26,제주 제주시 관덕로14길 10 동문올레수산 동문시장 본점,이도1동 1349-5,064-752-5657,맛집
제주마음,한식,4.56,제주 제주시 원노형3길 15 1층,노형동 914-2,0507-1329-8332,맛집
해녀김밥 본점,김밥,4.32,"제주 제주시 조천읍 함덕로 40 3층, 302호",함덕리 산14-13,0507-1342-3005,맛집
제주순메밀막국수,막국수,4.52,제주 서귀포시 안덕면 녹차분재로 60,서광리 1413-3,064-792-0600,맛집
제주미향 중문본점,"해물,생선요리",4.57,제주 서귀포시 천제연로 99 제주미향 중문본점,색달동 2477,064-738-8588,맛집
88버거,햄버거,4.72,제주 서귀포시 동문로 63,서귀동 255-9,064-733-8488,맛집
춘심이네 본점,"해물,생선요리",0.0,제주 서귀포시 안덕면 창천중앙로24번길 16 1층 춘심이네 본점,창천리 160-3,0507-1420-4018,맛집
문쏘 제주협재점,일식당,0.0,제주 제주시 한림읍 한림상로 15-5 문쏘 제주협재점,옹포리 326-3,0507-1350-7935,맛집
장똘뱅이 오마카세,일식당,4.68,제주 제주시 신광로6길 25 제원아파트 상가 107호,연동 252-1,0507-1391-7989,맛집
숙성도 함덕점,돼지고기구이,0.0,제주 제주시 조천읍 함덕로 40 2층 201호,함덕리 산14-13,064-783-9951,맛집
복자씨연탄구이,돼지고기구이,0.0,제주 서귀포시 성산읍 해맞이해안로 2764,오조리 367-1,064-782-7330,맛집
명진전복,전복요리,4.38,제주 제주시 구좌읍 해맞이해안로 1282,평대리 515-28,064-782-9944,맛집
꽃담수제버거,햄버거,4.49,제주 서귀포시 성산읍 일출로 284-7,성산리 111,0507-1349-0761,맛집
물꼬해녀의집,한식,4.62,제주 제주시 우도면 우도해안길 496,연평리 891,0507-1363-7331,맛집
애월항포구횟집,생선회,4.8,제주 제주시 애월읍 애월로11길 22 2층 애월항포구횟집,애월리 1772-6,0507-1332-4741,맛집
도두해녀의집,생선회,4.16,제주 제주시 도두항길 16,도두일동 2587-4,064-743-4989,맛집
하여금 제주점,돼지고기구이,0.0,제주 제주시 원노형4길 11 1층 하여금,노형동 928-7,0507-1349-4695,맛집
원담,생선회,4.72,제주 제주시 동광로1길 13 1층,이도1동 1260-11,0507-1351-0211,맛집
애월 온기,한식,4.47,제주 제주시 애월읍 애월로 11 갈치맛집 온기,애월리 2467,0507-1479-6026,맛집
제주부엌,국수,0.0,제주 제주시 원노형로 37 2층 제주부엌,노형동 941,0507-1365-5645,맛집
제주 도도리고기국수,국수,0.0,제주 제주시 다호북길 109 1층,도두이동 413-1,0507-1407-5153,맛집
갈치음식점 궁서체 제주탑동본점,한식,0.0,제주 제주시 탑동로11길 6 2층,,0507-1409-1326,맛집
해녀잠수촌,향토음식,0.0,제주 제주시 서해안로 498 1층 해녀잠수촌,,0507-1398-0733,맛집
금돗 성산흑돼지,돼지고기구이,0.0,제주 서귀포시 성산읍 성산등용로 17 금돗 성산흑돼지,성산리 234-16,0507-1402-9798,맛집
이자카야 달,이자카야,4.59,제주 제주시 애월읍 가문동길 27-8 애월해안도로점,,0507-1329-6009,맛집
독개물항 제주한림 협재 본점,"해물,생선요리",4.35,제주 제주시 한림읍 한림로 478,옹포리 593-1,064-796-3966,맛집
뱃도새기 함덕흑돼지 김녕월정리세화구좌점,돼지고기구이,0.0,제주 제주시 조천읍 함와로 7,함덕리 4156-2,0507-1310-8668,맛집
돌집식당,한식,4.5,제주 서귀포시 표선면 서성일로 23 돌집식당,성읍리 1624-3,0507-1324-3720,맛집
용두암 엄마 해장국,한식,4.71,제주 제주시 용마로 24,용담삼동 519-9,0507-1411-5017,맛집
다정이네김밥 서귀포신시가지점,김밥,4.42,제주 서귀포시 이어도로 796,강정동 893-1,064-739-9140,맛집
한라원 제주신화월드점,한식,0.0,제주 서귀포시 안덕면 신화역사로304번길 38,서광리 산24,064-909-2203,맛집
자리돔횟집,생선회,4.61,제주 서귀포시 동홍동로 7 자리돔횟집,동홍동 473-2,064-733-1239,맛집
오만정성 제주협재점,"해물,생선요리",4.8,제주 제주시 한림읍 일주서로 5083 1층 오만정성 제주협재점,협재리 1087,0507-1328-5083,맛집
바다를본돼지 제주협재판포점,돼지고기구이,4.5,제주 제주시 한경면 판포1길 16 1층 바다를본돼지 제주협재판포점,판포리 2881-4,0507-1385-5536,맛집
별돈별 협재해변점,돼지고기구이,0.0,제주 제주시 한림읍 협재1길 4 2층,협재리 1725-1,0507-1360-5895,맛집
돝밭 애월고내 본점,돼지고기구이,0.0,제주 제주시 애월읍 애월해안로 249 1F 돝밭,고내리 1109-1,0507-1375-1255,맛집
고은물식당,한식,4.8,제주 서귀포시 안덕면 화순해안로 110 고은물식당,화순리 645-1,0507-1428-5656,맛집
떠돌이식객,라면,0.0,제주 서귀포시 성산읍 신고로22번길 37,고성리 212-6,0507-1426-0508,맛집
꽃가람 제주성산일출봉점,국수,4.51,제주 서귀포시 성산읍 고성동서로 73 1층 꽃가람 제주성산일출봉점,고성리 306-1,0507-1446-3940,맛집
애월 우니담,"백반,가정식",4.29,제주 제주시 애월읍 고내로13길 107 2층,고내리 350,0507-1361-5433,맛집
함덕고등어쌈밥,쌈밥,0.0,제주 제주시 조천읍 조함해안로 530 3층,함덕리 1004-30,0507-1324-2736,맛집
곰막식당,한식,4.46,제주 제주시 구좌읍 구좌해안로 64,동복리 667-1,064-727-5111,맛집
지지지제주흑돼지,돼지고기구이,4.6,제주 제주시 신대로 104 1층,연동 302-3,0507-1401-7222,맛집
제주도 고기국수 만세국수,국수,4.57,제주 제주시 연삼로 437,,064-727-7056,맛집
화고 흑돼지 신시가지점,돼지고기구이,4.77,제주 서귀포시 신서로32번길 20 1층,강정동 167-6,0507-1358-6124,맛집
국수바다 본점,국수,0.0,제주 서귀포시 일주서로 580,대포동 630,064-739-9255,맛집
가로수길마루 애월해안도로점,이자카야,4.74,제주 제주시 애월읍 애월로 11 가로수길마루 애월해안도로점,애월리 2467,0507-1385-2929,맛집
아늑 월정리함덕점,"육류,고기요리",0.0,제주 제주시 구좌읍 해맞이해안로 470 1층,월정리 5-1,0507-1446-2264,맛집
제주돔베고기집,"육류,고기요리",4.48,제주 제주시 월랑로4길 6,노형동 1279-1,064-713-9949,맛집
제주 정직한돈 애월점,돼지고기구이,4.67,제주 제주시 애월읍 애월해안로 253 1층,고내리 1105-8,0507-1322-5027,맛집
소금바치 순이네,"해물,생선요리",4.5,제주 제주시 구좌읍 해맞이해안로 2196,종달리 42-5,064-784-1230,맛집
제주곶 서귀포 해물라면,라면,0.0,제주 서귀포시 칠십리로214번길 36 제주곶 서귀포 해물라면,동홍동 280-3,0507-1347-0736,맛집
전망좋은횟집&흑돼지 성산본점,생선회,4.7,제주 서귀포시 성산읍 일출로 248 전망좋은횟집&흑돼지 성산본점,성산리 399-73,0507-1364-1568,맛집
해오반,한식,4.53,제주 제주시 애월읍 고내로9길 1 1층,고내리 598-1,0507-1495-1286,맛집
제주순풍해장국 본점,한식,4.69,제주 제주시 진군남4길 7-8,노형동 668,064-748-9944,맛집
제주김만복 애월점,분식,0.0,제주 제주시 애월읍 애월해안로 255,고내리 1105-1,064-748-9989,맛집
장인의집[본점],"칼국수,만두",0.0,제주 제주시 애월읍 애월로19길 31 장인의집 애월 본점,애월리 399-1,0507-1313-1610,맛집
성산을본갈치조림구이 제주성산일출봉점,"해물,생선요리",4.47,제주 서귀포시 성산읍 성산중앙로64번길 5-4 2층,성산리 296-3,0507-1338-4295,맛집
옥만이네 제주금능협재점,"해물,생선요리",4.46,제주 제주시 한림읍 한림해안로 160 1층,한림리 1314-29,0507-1411-0736,맛집
늘봄흑돼지,돼지고기구이,0.0,제주 제주시 한라대학로 12,노형동 2343-3,064-744-9001,맛집
둘레길 제주협재금능점,양식,0.0,제주 제주시 한림읍 금능길 79 1층,금능리 1420,0507-1310-1641,맛집
고씨네천지국수 올레시장본점,국수,4.66,제주 서귀포시 중앙로79번길 4 고씨네천지국수,서귀동 298-1,0507-1318-0436,맛집
옹포횟집 제주한림협재본점,생선회,0.0,제주 제주시 한림읍 옹포2길 10,협재리 1398,0507-1417-1323,맛집
한라산아래첫마을영농조합법인,한식,4.54,제주 서귀포시 안덕면 산록남로 675,광평리 211,064-792-8259,맛집
제주 코시롱,한식,4.74,제주 제주시 애월읍 애월해안로 656 제주 유니호텔 1층,구엄리 1216,0507-1360-5051,맛집
제주로운청해원 성산일출봉점,"해물,생선요리",4.55,제주 서귀포시 성산읍 신양로 101,고성리 212-13,064-782-7008,맛집
하갈비국수,국수,4.35,제주 제주시 애월읍 애월북서길 54,애월리 2550,0507-1390-2724,맛집
산지물,생선회,4.33,제주 제주시 임항로 26,건입동 1388-1,064-752-5599,맛집
성산일출봉 어멍횟집,생선회,0.0,제주 서귀포시 성산읍 일출로 29 성산일출봉 어멍횟집,고성리 330-1,0507-1418-1177,맛집
신화돌담집 제주신화월드점,돼지고기구이,0.0,제주 서귀포시 안덕면 신화역사로304번길 98,서광리 산35-16,0507-1380-2117,맛집
어박사 한림본점,"해물,생선요리",0.0,제주 제주시 한림읍 한림로 564,동명리 1715,064-796-0018,맛집
서귀포목마,"육류,고기요리",0.0,제주 서귀포시 서문로29번길 30,서귀동 319-9,0507-1352-1804,맛집
소섬전복,전복요리,4.6,제주 제주시 우도면 우도해안길 1158,연평리 329,064-782-0062,맛집
소렉,양식,4.65,제주 제주시 은남2길 41 1층,연동 272-37,0507-1407-9015,맛집
한림칼국수 제주본점,"칼국수,만두",4.49,제주 제주시 한림읍 한림해안로 139,한림리 1328-15,070-8900-3339,맛집
갈치옥 함덕,한식,4.49,제주 제주시 조천읍 조함해안로 530 2층 2호,함덕리 1004-30,0507-1481-6014,맛집
삼대국수회관 본점,국수,4.22,제주 제주시 삼성로 41,일도2동 1045-12,064-759-6645,맛집
운치 협재갈치조림구이 본점,"해물,생선요리",0.0,제주 제주시 한림읍 한림로 358,협재리 1738,0507-1372-7208,맛집
무거버거,햄버거,4.43,제주 제주시 조천읍 조함해안로 356 무거버거,신흥리 15,0507-1319-5076,맛집
중문고등어쌈밥,한식,0.0,제주 서귀포시 일주서로 1240 1층,상예동 3706,0507-1361-2457,맛집
늘소담,국수,4.58,제주 제주시 탑동로 31 . 3호,삼도이동 1192-12,0507-1355-1325,맛집
제주시새우리,"도시락,컵밥",4.42,제주 제주시 무근성7길 24 제주시 새우리,삼도이동 1053-22,064-900-2527,맛집
표선칼국수,"칼국수,만두",4.26,제주 서귀포시 표선면 민속해안로 578-3 표선칼국수,표선리 40-52,0507-1338-5945,맛집
삼미흑돼지 중문점,돼지고기구이,4.46,제주 서귀포시 색달중앙로 33,,064-739-9392,맛집
꽃길본가 고기해물짬뽕,국수,0.0,제주 제주시 서해안로 648 꽃길본가,용담삼동 516-2,064-711-5730,맛집
동문시장 우리수산,생선회,4.27,제주 제주시 동문로2길 10 1층,일도1동 1480-3,064-758-4282,맛집
산도롱맨도롱 제주공항점,한식,0.0,제주 제주시 용담로 16 2층,용담이동 935-22,064-803-0306,맛집
리보스코화덕피자,피자,4.74,제주 제주시 수목원길 27 리보스코화덕피자 연동점,연동 1315,0507-1448-0906,맛집
바다를본돼지 제주공항점,돼지고기구이,4.41,제주 제주시 정존15길 42 1층 바다를본돼지 제주공항점,노형동 1055-4,0507-1409-9242,맛집
다정이네 올레시장 본점,김밥,4.32,제주 서귀포시 동문로 59-1,서귀동 255-7,070-8900-8070,맛집
공천포식당,"해물,생선요리",4.45,제주 서귀포시 남원읍 공천포로 89 공천포식당,신례리 27-5,064-767-2425,맛집
만선식당,생선회,4.41,제주 서귀포시 대정읍 하모항구로 44 만선식당,하모리 770-50,0507-1315-6301,맛집
착한집,한정식,4.3,제주 제주시 서광로 98,오라삼동 2337-12,064-713-7136,맛집
후프바베큐,양식,0.0,제주 제주시 애월읍 애월북서길 69,애월리 2519-7,0507-1372-9655,맛집
모루쿠다 서귀포올레시장점,생선회,4.84,제주 서귀포시 태평로431번길 32 1층 모루쿠다 서귀포올레시장점,서귀동 204-2,0507-1364-1477,맛집
중문생선구이,생선구이,4.7,제주 서귀포시 중문관광로 323 1층 중문생선구이,중문동 2446-1,0507-1360-1474,맛집
돈파스타정원,"스파게티,파스타전문",4.27,제주 제주시 애월읍 애월해안로 364,고내리 344-2,064-799-3336,맛집
월정리갈비밥,돼지고기구이,4.43,제주 제주시 구좌읍 월정7길 46,월정리 8-1,0507-1406-0430,맛집
노도 고등어회,생선회,0.0,제주 제주시 서해안로 364 1층,도두이동 681-1,0507-1330-6087,맛집
카페텐저린,브런치,4.63,제주 서귀포시 이어도로 880,법환동 1298-3,0507-1377-9767,맛집
해녀촌,국수,4.34,제주 제주시 구좌읍 동복로 33,동복리 1502-1,064-783-5438,맛집
서유기마라탕&훠궈,중식당,4.41,제주 서귀포시 안덕면 신화역사로304번길 38 F005동 1층,서광리 산24,0507-1448-5688,맛집
제주 흑돼지 작산 애월 해안도로 본점,돼지고기구이,0.0,제주 제주시 애월읍 가문동길 4 2층,하귀2리 2594-1,0507-1381-9449,맛집
월정리 달이뜨는식탁,양식,4.62,제주 제주시 구좌읍 월정1길 14 1층,월정리 885,0507-1330-8538,맛집
제주옥 중문 본점,"해물,생선요리",0.0,제주 서귀포시 중문관광로 7 제주옥 중문 본점 1층,,0507-1311-8061,맛집
신해바라기,한식,4.36,제주 제주시 관덕로13길 13,일도1동 1342-4,064-757-3277,맛집
제주산방산나들목,한식,4.73,제주 서귀포시 안덕면 사계남로 189,사계리 2032,0507-1345-2363,맛집
명호마농갈비 중문점,소고기구이,4.41,제주 서귀포시 중문관광로 289 명호마농갈비,대포동 1696,0507-1415-8985,맛집
애월 삼육공본점 숙성흑돼지,"육류,고기요리",0.0,제주 제주시 애월읍 중엄3길 50 1층,신엄리 920,0507-1322-6580,맛집
용두네해장국,해장국,0.0,제주 제주시 서해안로 456-4,용담삼동 2384,0507-1482-0932,맛집
제주 애월회관 흑돼지 애월곽지해안도로점,돼지고기구이,0.0,제주 제주시 애월읍 애월로 38 1층,애월리 2162-1,0507-1378-0038,맛집
해월정,"해물,생선요리",4.22,제주 제주시 구좌읍 해맞이해안로 2340,종달리 608,064-782-5664,맛집
야해,일식당,4.84,제주 제주시 노형11길 6 1층 야해,노형동 3780-3,0507-1462-7886,맛집
몬스터살롱 애월,햄버거,4.48,제주 제주시 애월읍 일주서로 6017 몬스터살롱,곽지리 1669-1,0507-1414-5310,맛집
태하횟집 제주공항점,생선회,4.41,제주 제주시 동한두기길 31-2,용담일동 409,0507-1424-5530,맛집
돈사돈 본점,돼지고기구이,0.0,제주 제주시 우평로 19,노형동 3086-3,064-746-8989,맛집
중문 보말칼국수,한식,4.54,제주 서귀포시 천제연로 190,중문동 2056-4,0507-1378-1803,맛집
중문회포장센터 새벽야시장,생선회,4.43,제주 서귀포시 중문관광로 293,대포동 770,0507-1333-3416,맛집
영실국수 서귀포중문본점,국수,4.16,제주 서귀포시 일주서로 470 영실국수,하원동 1335-1,0507-1467-8370,맛집
직화로 협재흑돼지,돼지고기구이,4.76,제주 제주시 한림읍 한림로3길 10-12 직화로 협재흑돼지,한림리 1590-1,0507-1376-2259,맛집
은희네해장국 노형점,한식,4.33,제주 제주시 원노형로 40,노형동 939-6,064-711-5820,맛집
흑돼지해물삼합,"육류,고기요리",4.92,제주 서귀포시 태평로482번길 50,서귀동 111-6,0507-1469-3833,맛집
제주오누이 구좌읍 세화 본점,전복요리,4.41,제주 제주시 구좌읍 해맞이해안로 972,한동리 1388-1,064-782-6801,맛집
제주만선갈치,"해물,생선요리",4.85,제주 제주시 애월읍 곽지9길 39 2층,곽지리 1622-44,0507-1386-8897,맛집
김재훈고사리육개장,향토음식,4.73,제주 제주시 구남로2길 19,,0507-1301-2601,맛집
삼미횟집 제주공항점,생선회,4.54,제주 제주시 도두항서5길 1,도두일동 2617-1,0507-1469-6403,맛집
대담 애월본점,돼지고기구이,0.0,제주 제주시 애월읍 일주서로 7035 대담,하귀2리 1775-1,0507-1377-6690,맛집
당당,브런치,0.0,제주 제주시 애월읍 중엄안1길 25 당당,신엄리 1212-1,070-4159-0327,맛집
족발귀신 제주점,"족발,보쌈",5.0,제주 제주시 수덕7길 14 107호 족발귀신 제주점,노형동 1060-1,0507-1439-7762,맛집
먹고정 서귀포올레시장본점,돼지고기구이,4.71,제주 서귀포시 명동로 5-1 먹고정,서귀동 427-8,0507-1349-3658,맛집
모해통갈치화덕구이,"해물,생선요리",0.0,제주 서귀포시 성산읍 일출로 267 모해통갈치화덕구이,성산리 150,064-784-2024,맛집
부온,"우동,소바",4.67,제주 제주시 구남동2길 26,이도이동 2000-7,064-723-8904,맛집
산지해장국,해장국,4.47,제주 제주시 임항로 34,건입동 1319-121,064-723-4978,맛집
로뎀가든,한식,4.74,제주 제주시 우도면 우도해안길 264,연평리 2515,064-782-5501,맛집
갈치바다 애월점,"해물,생선요리",0.0,제주 제주시 애월읍 애월로 15-1 1층 갈치바다 애월점,애월리 2464-2,0507-1490-0734,맛집
일통이반,"해물,생선요리",0.0,제주 제주시 중앙로2길 25,삼도이동 9-1,0507-1362-1032,맛집
대우정,한식,0.0,제주 제주시 서사로 152 대우정,삼도일동 569-27,0507-1304-9662,맛집
피즈 노형점,햄버거,0.0,제주 제주시 노형10길 6 1층 피즈 노형동,노형동 3789-3,0507-1473-3253,맛집
제주김만복 서귀포점,분식,4.33,제주 서귀포시 월드컵로 117 제주김만복 서귀포점,강정동 428-4,064-796-8582,맛집
트라몬토 제주모슬포본점,"스파게티,파스타전문",4.86,제주 서귀포시 대정읍 하모항구로 38 트라몬토 제주모슬포본점,하모리 770-59,0507-1492-2900,맛집
회심,"우동,소바",4.68,제주 제주시 아봉로 200 1층,영평동 2458-19,064-757-0729,맛집
중문수원음식점,향토음식,4.54,제주 서귀포시 천제연로 83,색달동 2502-1,064-738-3875,맛집
온더스톤 브런치 카페 제주 성산점,브런치,4.39,"제주 서귀포시 성산읍 해맞이해안로 2746 H동 1, 2층",오조리 374,0507-1473-0306,맛집
우도아름다운소풍,중식당,4.19,제주 제주시 우도면 우도해안길 446,연평리 988-1,010-5607-4448,맛집
김희선제주몸국,한식,4.47,제주 제주시 어영길 45-6,용담삼동 1129-2,064-745-0047,맛집
꺼멍도새기,한식,4.24,제주 제주시 동문로4길 9 동문공설시장 꺼멍도새기,일도1동 1103,0507-1387-7057,맛집
제주분식,종합분식,4.32,제주 제주시 귀아랑길 23 1층 제주분식,연동 311-2,0507-1409-2120,맛집
안녕제주,한식,0.0,제주 제주시 조천읍 함덕18길 19 1층,함덕리 951-1,0507-1389-2467,맛집
근본 흑돼지 애월점,돼지고기구이,0.0,제주 제주시 애월읍 곽지9길 5-1,곽지리 1541-1,0507-1396-2997,맛집
말렛,와인,4.43,제주 제주시 노형11길 6 1층 말렛,노형동 3780-3,0507-1408-7890,맛집
식당 마요네즈,양식,4.57,제주 제주시 다랑곶3길 18,노형동 1068-5,010-7444-9142,맛집
제주 운정이네 갈치조림 중문본점,한식,0.0,제주 서귀포시 중산간서로 726 운정이네 중문본점,중문동 1239-5,0507-1350-3883,맛집
뱃도새기 본점,돼지고기구이,0.0,제주 서귀포시 서문로 30,,0507-1429-8866,맛집
해물통라면 문개항아리 애월해안도로점,라면,4.82,제주 제주시 애월읍 가문동길 38,하귀2리 2701-1,0507-1368-4776,맛집
우영담,전복요리,0.0,제주 제주시 애월읍 애월로 86 1층,애월리 2113-2,0507-1341-0138,맛집
전복죽일번가,"해물,생선요리",4.87,제주 제주시 애월읍 애월해안로 688 1층,구엄리 1258-3,0507-1334-9367,맛집
베지근국수 제주동문시장본점,국수,4.46,제주 제주시 동문로 6-8 1층,일도1동 1482-1,0507-1422-4749,맛집
삼무국수,국수,0.0,제주 제주시 삼무로3길 46-1 삼광빌딩,연동 271-10,064-711-5656,맛집
제주공항그때그집,돼지고기구이,4.8,제주 제주시 서해안로 352-1 제주공항그때그집,도두이동 706-11,0507-1423-9983,맛집
삼무국수 3호점,국수,0.0,제주 서귀포시 서문로 10 1층,서귀동 300-18,0507-1382-3834,맛집
우리수산직영 우리식당,생선회,4.4,제주 제주시 동문로2길 10 동문시장 8번게이트 안쪽,일도일동 1480-3,0507-1430-4282,맛집
온오프,돈가스,4.5,제주 제주시 우도면 우도해안길 876 온오프,연평리 690,0507-1346-9807,맛집
한라봉스시,"초밥,롤",0.0,제주 제주시 애월읍 애월북서길 54 2층,애월리 2550,0507-1372-9027,맛집
검은쇠몰고오는,소고기구이,0.0,제주 제주시 신대로20길 27 1층,연동 296-7,064-712-1692,맛집
우심 제주점,소고기구이,0.0,제주 제주시 노형11길 18 1층 우심 제주점,노형동 3789-5,0507-1404-9979,맛집
태연종합정육식당,정육식당,4.46,제주 제주시 서사로 187,오라일동 2454-5,0507-1476-0258,맛집
짱구분식,종합분식,4.4,제주 서귀포시 중동로48번길 3,서귀동 254-2,064-762-6389,맛집
애월은혜전복,전복요리,4.48,제주 제주시 애월읍 애월로1길 24-3 1층,,064-799-9060,맛집
산방산 흑돼지,"육류,고기요리",4.77,제주 서귀포시 안덕면 사계로114번길 54-93,사계리 230,064-792-7878,맛집
명랑스낵,종합분식,0.0,제주 제주시 한림읍 한림로 585,한림리 1479-4,0507-1344-4548,맛집
상상 함덕점,이자카야,4.78,제주 제주시 조천읍 신북로 487 상상 함덕점,함덕리 1016,0507-1397-3622,맛집
제주갈치맛집 영목이네 표선점,"해물,생선요리",0.0,제주 서귀포시 표선면 일주동로6455번길 21 1층,토산리 423-3,0507-1301-0828,맛집
함덕골목,한식,4.56,제주 제주시 조천읍 조천북6길 62,조천리 1209-13,0507-1390-5512,맛집
스카이 온 파이브 다이닝,뷔페,0.0,제주 서귀포시 안덕면 신화역사로304번길 38 메리어트관 제주신화월드 호텔앤리조트 5층,서광리 산24,064-908-1200,맛집
돈사돈 제주월정리점,돼지고기구이,0.0,제주 제주시 구좌읍 한동북1길 29-3,한동리 1437-1,064-784-9289,맛집
부촌,"해물,생선요리",4.41,제주 서귀포시 성산읍 동류암로 33,고성리 2747-7,064-784-0149,맛집
정가네밥상 제주스마트팜,한정식,4.4,제주 제주시 아란서길 110,아라일동 2082-1,0507-1397-7500,맛집
하하호호,햄버거,4.46,제주 제주시 우도면 우도해안길 532 하하호호,연평리 859,0507-1344-1365,맛집
도민상회 월정리 해수욕장점,"육류,고기요리",4.52,제주 제주시 구좌읍 행원로1길 32-3 도민상회 월정리점 - 월정리해수욕장 오션뷰 맛집,행원리 1537-20,0507-1429-3407,맛집
미친부엌 제주본점,이자카야,4.48,"제주 제주시 탑동로 15 1, 2층",삼도이동 1192-28,0507-1328-6382,맛집
돈도칸 연동흑돼지,돼지고기구이,0.0,제주 제주시 신대로20길 56 1층 돈도칸 연동흑돼지,연동 275-1 1층 돈도칸 흑돼지,0507-1338-5392,맛집
제주할망밥상,"백반,가정식",4.69,제주 서귀포시 안덕면 화순해안로 89,화순리 776-6,064-794-3455,맛집
중문통갈치조림구이 기원은갈치,"해물,생선요리",4.71,제주 서귀포시 색달중앙로 22 기원은갈치,색달동 2277-3,0507-1397-7758,맛집
성산봄죽칼국수 성산점,"칼국수,만두",4.59,제주 서귀포시 성산읍 해맞이해안로 2725,오조리 391,0507-1337-7075,맛집
벵디 구좌 월정리세화점,한식,4.5,제주 제주시 구좌읍 해맞이해안로 1108,평대리 2031-2,0507-1393-7842,맛집
흑돼지황칠족발,"족발,보쌈",4.71,제주 서귀포시 대정읍 최남단해안로 20,하모리 2126-2,0507-1480-5882,맛집
함덕다퍼주는횟집,생선회,4.68,제주 제주시 조천읍 함와로 22 1층 함덕다퍼주는횟집,함덕리 4149-4,0507-1341-4470,맛집
해저 제주한림협재흑돼지,돼지고기구이,0.0,제주 제주시 한림읍 한림해안로 582 해저 제주한림협재흑돼지,귀덕리 4169-3,0507-1312-6244,맛집
국시트멍 제주고기국수,국수,4.46,제주 제주시 진군길 31-3,노형동 738-7,064-725-7004,맛집
중문큰집어멍,한식,0.0,제주 서귀포시 중문관광로 336 큰집어멍,대포동 747-2,0507-1363-8299,맛집
광어다 표선 본점,"해물,생선요리",4.67,제주 서귀포시 표선면 민속해안로 73 광해수산2층,세화리 181,064-787-8838,맛집
제주고사리해장국 중문본점,한정식,0.0,제주 서귀포시 중문관광로301번길 3 103호,대포동 2612,064-738-7901,맛집
홍성방,중식당,4.5,제주 서귀포시 대정읍 하모항구로 76,하모리 938-4,064-794-9555,맛집
태광식당,한식,4.35,제주 제주시 탑동로 142,용담1동 118,064-751-1071,맛집
제주 판타스틱버거,햄버거,4.55,제주 서귀포시 표선면 토산중앙로15번길 6,토산리 448-11,0507-1339-6990,맛집
양가네,한식,0.0,제주 서귀포시 안덕면 동광로 112,동광리 996-13,064-792-6200,맛집
회춘,한식,4.42,제주 제주시 조천읍 신북로 489,함덕리 1015-1,0507-1336-0853,맛집
천돈가 중문본점,"육류,고기요리",4.77,제주 서귀포시 일주서로 873,색달동 2353-1,0507-1395-7889,맛집
흑돼지삼형제,돼지고기구이,4.47,제주 서귀포시 표선면 민속해안로 594,표선리 44-9,0507-1488-4478,맛집
제주어물전 성산본점,생선회,4.8,제주 서귀포시 성산읍 신고로 42 1층,,0507-1498-8259,맛집
네거리식당,"해물,생선요리",4.26,제주 서귀포시 서문로29번길 20,서귀동 320-9,064-762-5513,맛집
올레승돈 서귀포올레시장점,"육류,고기요리",0.0,제주 서귀포시 명동로 1-1 가동 1층,서귀동 428,0507-1335-8881,맛집
금악무짠지냉면,냉면,0.0,제주 제주시 한림읍 금악로1길 15,금악리 2134-1,064-796-6367,맛집
성산 타쿠마스시,생선회,4.43,제주 서귀포시 성산읍 섭지코지로 15,고성리 489-4,0507-1346-4894,맛집
유군초밥,일식당,4.61,제주 제주시 서광로32길 19 2층,이도이동 1771-13,064-7571-7786,맛집
오돈가 서귀포올레시장 본점,"육류,고기요리",4.67,제주 서귀포시 태평로 444,서귀동 154,064-762-9277,맛집
엄부랑흑돼지 성산본점,돼지고기구이,0.0,제주 서귀포시 성산읍 신양로 81 엄부랑 흑돼지,고성리 510-33,0507-1401-2771,맛집
대기정,한식,4.54,제주 서귀포시 이어도로 41,대포동 1787,0507-1403-1041,맛집
부두식당,생선회,4.32,제주 서귀포시 대정읍 하모항구로 62 부두식당,하모리 770-9,064-794-1223,맛집
깡촌흑돼지 함덕본점,돼지고기구이,0.0,제주 제주시 조천읍 함덕14길 2,함덕리 1001,064-784-0787,맛집
애월포구횟집,생선회,4.8,제주 제주시 애월읍 가문동길 43,하귀2리 2727,0507-1383-4845,맛집
부뚜막식당,"해물,생선요리",4.54,제주 서귀포시 성산읍 고성오조로 11,고성리 1003-10,0507-1376-8941,맛집
